{"nodes":{"node:100000":{"location":{"x":940,"y":30}},"node:100001":{"location":{"x":1400,"y":30}},"node:100002":{"location":{"x":20,"y":30}},"node:100003":{"location":{"x":480,"y":30}},"node:100004":{"location":{"x":480,"y":30}},"node:200000":{"location":{"x":1170,"y":45}},"node:200001":{"location":{"x":250,"y":45}},"node:200002":{"location":{"x":710,"y":45}},"node:200003":{"location":{"x":710,"y":45}}},"selection":["node:100002"],"view":{"scroll":{"x":-152.874984741210938,"y":-169.5},"visible_rect":{"max":{"x":334.83343505859375,"y":358.00006103515625},"min":{"x":-203.833358764648438,"y":-226.000045776367188}},"zoom":0.749999821186065674}}